{
  "classification_report": {
    "Cambios y devoluciones": {
      "precision": 0.6586046511627907,
      "recall": 0.36741048261546444,
      "f1-score": 0.47168554297135246,
      "support": 1927.0
    },
    "Cobros indebidos": {
      "precision": 0.9277907884465262,
      "recall": 0.9149345650500385,
      "f1-score": 0.9213178294573643,
      "support": 2598.0
    },
    "Contratos": {
      "precision": 0.9056865464632455,
      "recall": 0.876510067114094,
      "f1-score": 0.8908594815825375,
      "support": 745.0
    },
    "Depositos y reembolsos": {
      "precision": 0.49970879440885263,
      "recall": 0.7626666666666667,
      "f1-score": 0.6038001407459536,
      "support": 1125.0
    },
    "Entrega del producto o servicio": {
      "precision": 0.9000306654400491,
      "recall": 0.8342808413871518,
      "f1-score": 0.8659094261690515,
      "support": 3518.0
    },
    "Garantias y reparaciones": {
      "precision": 0.9209486166007905,
      "recall": 0.9164208456243854,
      "f1-score": 0.9186791522917693,
      "support": 2034.0
    },
    "Informacion y publicidad": {
      "precision": 0.5454545454545454,
      "recall": 0.8456375838926175,
      "f1-score": 0.6631578947368421,
      "support": 149.0
    },
    "Otros": {
      "precision": 0.03177570093457944,
      "recall": 0.5666666666666667,
      "f1-score": 0.06017699115044248,
      "support": 30.0
    },
    "accuracy": 0.7865743031502557,
    "macro avg": {
      "precision": 0.6737500386139224,
      "recall": 0.7605659648771357,
      "f1-score": 0.6744483073881642,
      "support": 12126.0
    },
    "weighted avg": {
      "precision": 0.8278231789118187,
      "recall": 0.7865743031502557,
      "f1-score": 0.7967149783464211,
      "support": 12126.0
    }
  },
  "confusion_matrix": [
    [
      708,
      115,
      5,
      821,
      153,
      8,
      9,
      108
    ],
    [
      58,
      2377,
      38,
      4,
      13,
      3,
      53,
      52
    ],
    [
      6,
      48,
      653,
      4,
      3,
      0,
      14,
      17
    ],
    [
      248,
      10,
      0,
      858,
      0,
      3,
      2,
      4
    ],
    [
      40,
      5,
      21,
      29,
      2935,
      146,
      21,
      321
    ],
    [
      10,
      3,
      2,
      0,
      152,
      1864,
      1,
      2
    ],
    [
      4,
      2,
      1,
      1,
      1,
      0,
      126,
      14
    ],
    [
      1,
      2,
      1,
      0,
      4,
      0,
      5,
      17
    ]
  ],
  "best_params": {
    "subsample": 0.7,
    "reg_lambda": 1.0,
    "reg_alpha": 0,
    "n_estimators": 500,
    "min_child_weight": 3,
    "max_depth": 5,
    "learning_rate": 0.05,
    "gamma": 0.1,
    "colsample_bytree": 0.8
  },
  "cv_f1_mean": 0.8219124187924944,
  "cv_f1_std": 0.00482571641005723,
  "categories": [
    "Cambios y devoluciones",
    "Cobros indebidos",
    "Contratos",
    "Depositos y reembolsos",
    "Entrega del producto o servicio",
    "Garantias y reparaciones",
    "Informacion y publicidad",
    "Otros"
  ]
}